{
  "type": "minecraft:crafting_shaped",
  "pattern": [
    "012",
    "345",
    "678"
  ],
  "key": {
    "0": {
      "item": "copper_armor_and_tools:copper_rust"
    },
    "1": {
      "item": "copper_armor_and_tools:copper_rust"
    },
    "2": {
      "item": "copper_armor_and_tools:copper_rust"
    },
    "3": {
      "item": "copper_armor_and_tools:copper_rust"
    },
    "4": {
      "item": "copper_armor_and_tools:copper_rust"
    },
    "5": {
      "item": "copper_armor_and_tools:copper_rust"
    },
    "6": {
      "item": "copper_armor_and_tools:copper_rust"
    },
    "7": {
      "item": "copper_armor_and_tools:copper_rust"
    },
    "8": {
      "item": "copper_armor_and_tools:copper_rust"
    }
  },
  "result": {
    "item": "copper_armor_and_tools:rust_ingot",
    "count": 1
  }
}