{
  "_fv": 39,
  "_type": "tool",
  "definition": {
    "renderType": 0,
    "texture": "copper_axe",
    "customModelName": "Normal",
    "name": "Copper Axe",
    "specialInfo": [],
    "creativeTab": {
      "value": "TOOLS"
    },
    "toolType": "Axe",
    "harvestLevel": 2,
    "efficiency": 5.0,
    "attackSpeed": 1.0,
    "enchantability": 18,
    "damageVsEntity": 9.0,
    "usageCount": 183,
    "blocksAffected": [],
    "hasGlow": false,
    "repairItems": [
      {
        "value": "Items.COPPER_INGOT"
      }
    ],
    "immuneToFire": false,
    "stayInGridWhenCrafting": false,
    "damageOnCrafting": false
  }
}