{
  "_fv": 39,
  "_type": "potion",
  "definition": {
    "potionName": "Potion of Poisonous Rust",
    "splashName": "Splash Potion of Poisonous Rust",
    "lingeringName": "Lingering Potion of Poisonous Rust",
    "arrowName": "Arrow of Poisonous Rust",
    "effects": [
      {
        "effect": {
          "value": "POISON"
        },
        "duration": 600,
        "amplifier": 0,
        "ambient": false,
        "showParticles": true
      },
      {
        "effect": {
          "value": "NAUSEA"
        },
        "duration": 200,
        "amplifier": 0,
        "ambient": false,
        "showParticles": true
      }
    ]
  }
}