{
  "_fv": 39,
  "_type": "enchantment",
  "definition": {
    "name": "Rust",
    "type": "BREAKABLE",
    "rarity": "UNCOMMON",
    "minLevel": 1,
    "maxLevel": 3,
    "damageModifier": 0,
    "compatibleEnchantments": [
      {
        "value": "FIRE_ASPECT"
      }
    ],
    "excludeEnchantments": true,
    "compatibleItems": [
      {
        "value": "CUSTOM:CopperPickaxe"
      },
      {
        "value": "CUSTOM:CopperAxe"
      },
      {
        "value": "CUSTOM:CopperSword"
      },
      {
        "value": "CUSTOM:CopperShovel"
      },
      {
        "value": "CUSTOM:CopperHoe"
      }
    ],
    "excludeItems": false,
    "isTreasureEnchantment": false,
    "isCurse": false,
    "isAllowedOnBooks": true,
    "canGenerateInLootTables": true,
    "canVillagerTrade": true
  }
}